Month,Furniture,Technology,Office Supplies,West Region,East Region
M1,12691.392668256329,14033.343184904454,14646.724651358807,14048.800867172744,9713.411357281431
M2,6772.162417097976,10437.986783608865,12434.656284045323,11840.37314577753,8120.218592209487
M3,17201.015648542638,42639.48804102508,19698.155526776667,25805.336379614124,15639.421336974105
